-- US locations only for clean.csv import
DELETE FROM cities;
DELETE FROM states; 
DELETE FROM countries;

-- US country
INSERT INTO countries (code, name) VALUES ('US', 'United States');

-- US states from clean.csv
INSERT INTO states (code, name, country_code) VALUES 
('NY', 'New York', 'US'),
('CA', 'California', 'US'),
('DC', 'District of Columbia', 'US'),
('PA', 'Pennsylvania', 'US'),
('IL', 'Illinois', 'US'),
('LA', 'Louisiana', 'US'),
('MA', 'Massachusetts', 'US'),
('TX', 'Texas', 'US'),
('FL', 'Florida', 'US'),
('WA', 'Washington', 'US'),
('OR', 'Oregon', 'US'),
('CO', 'Colorado', 'US'),
('GA', 'Georgia', 'US'),
('NC', 'North Carolina', 'US'),
('VA', 'Virginia', 'US'),
('MD', 'Maryland', 'US'),
('NJ', 'New Jersey', 'US'),
('CT', 'Connecticut', 'US'),
('VT', 'Vermont', 'US'),
('NH', 'New Hampshire', 'US'),
('ME', 'Maine', 'US'),
('RI', 'Rhode Island', 'US'),
('DE', 'Delaware', 'US'),
('WV', 'West Virginia', 'US'),
('KY', 'Kentucky', 'US'),
('TN', 'Tennessee', 'US'),
('SC', 'South Carolina', 'US'),
('AL', 'Alabama', 'US'),
('MS', 'Mississippi', 'US'),
('AR', 'Arkansas', 'US'),
('OK', 'Oklahoma', 'US'),
('KS', 'Kansas', 'US'),
('NE', 'Nebraska', 'US'),
('SD', 'South Dakota', 'US'),
('ND', 'North Dakota', 'US'),
('MT', 'Montana', 'US'),
('WY', 'Wyoming', 'US'),
('ID', 'Idaho', 'US'),
('UT', 'Utah', 'US'),
('AZ', 'Arizona', 'US'),
('NV', 'Nevada', 'US'),
('NM', 'New Mexico', 'US'),
('AK', 'Alaska', 'US'),
('HI', 'Hawaii', 'US'),
('MO', 'Missouri', 'US'),
('IA', 'Iowa', 'US'),
('MN', 'Minnesota', 'US'),
('WI', 'Wisconsin', 'US'),
('MI', 'Michigan', 'US'),
('IN', 'Indiana', 'US'),
('OH', 'Ohio', 'US');

-- Major US cities from clean.csv
INSERT INTO cities (city, city_ascii, state_code) VALUES
('New York', 'new york', 'NY'),
('Los Angeles', 'los angeles', 'CA'),
('Brooklyn', 'brooklyn', 'NY'),
('Washington', 'washington', 'DC'),
('Philadelphia', 'philadelphia', 'PA'),
('Chicago', 'chicago', 'IL'),
('Boston', 'boston', 'MA'),
('New Orleans', 'new orleans', 'LA'),
('San Francisco', 'san francisco', 'CA'),
('Seattle', 'seattle', 'WA'),
('Portland', 'portland', 'OR'),
('Denver', 'denver', 'CO'),
('Atlanta', 'atlanta', 'GA'),
('Miami', 'miami', 'FL'),
('Houston', 'houston', 'TX'),
('Dallas', 'dallas', 'TX'),
('Austin', 'austin', 'TX'),
('San Diego', 'san diego', 'CA'),
('Oakland', 'oakland', 'CA'),
('Berkeley', 'berkeley', 'CA'),
('Pasadena', 'pasadena', 'CA'),
('Santa Monica', 'santa monica', 'CA'),
('Beverly Hills', 'beverly hills', 'CA'),
('Manhattan', 'manhattan', 'NY'),
('Queens', 'queens', 'NY'),
('Bronx', 'bronx', 'NY'),
('Staten Island', 'staten island', 'NY'),
('Long Island', 'long island', 'NY'),
('Westchester', 'westchester', 'NY'),
('Albany', 'albany', 'NY'),
('Buffalo', 'buffalo', 'NY'),
('Rochester', 'rochester', 'NY'),
('Syracuse', 'syracuse', 'NY'),
('Ithaca', 'ithaca', 'NY'),
('Pittsburgh', 'pittsburgh', 'PA'),
('Harrisburg', 'harrisburg', 'PA'),
('Allentown', 'allentown', 'PA'),
('Scranton', 'scranton', 'PA'),
('Erie', 'erie', 'PA'),
('Reading', 'reading', 'PA'),
('York', 'york', 'PA'),
('Lancaster', 'lancaster', 'PA'),
('Bethlehem', 'bethlehem', 'PA'),
('Wilkes Barre', 'wilkes barre', 'PA'),
('Chester', 'chester', 'PA'),
('Upper Darby', 'upper darby', 'PA'),
('Norristown', 'norristown', 'PA'),
('Camden', 'camden', 'NJ'),
('Newark', 'newark', 'NJ'),
('Jersey City', 'jersey city', 'NJ'),
('Paterson', 'paterson', 'NJ'),
('Elizabeth', 'elizabeth', 'NJ'),
('Edison', 'edison', 'NJ'),
('Woodbridge', 'woodbridge', 'NJ'),
('Hamilton', 'hamilton', 'NJ'),
('Trenton', 'trenton', 'NJ'),
('Atlantic City', 'atlantic city', 'NJ'),
('Bridgeport', 'bridgeport', 'CT'),
('New Haven', 'new haven', 'CT'),
('Hartford', 'hartford', 'CT'),
('Stamford', 'stamford', 'CT'),
('Waterbury', 'waterbury', 'CT'),
('Norwalk', 'norwalk', 'CT'),
('Danbury', 'danbury', 'CT'),
('New Britain', 'new britain', 'CT'),
('West Hartford', 'west hartford', 'CT'),
('Greenwich', 'greenwich', 'CT'),
('Baltimore', 'baltimore', 'MD'),
('Frederick', 'frederick', 'MD'),
('Rockville', 'rockville', 'MD'),
('Gaithersburg', 'gaithersburg', 'MD'),
('Bowie', 'bowie', 'MD'),
('Hagerstown', 'hagerstown', 'MD'),
('Annapolis', 'annapolis', 'MD'),
('College Park', 'college park', 'MD'),
('Salisbury', 'salisbury', 'MD'),
('Cumberland', 'cumberland', 'MD'),
('Richmond', 'richmond', 'VA'),
('Virginia Beach', 'virginia beach', 'VA'),
('Norfolk', 'norfolk', 'VA'),
('Chesapeake', 'chesapeake', 'VA'),
('Newport News', 'newport news', 'VA'),
('Hampton', 'hampton', 'VA'),
('Alexandria', 'alexandria', 'VA'),
('Portsmouth', 'portsmouth', 'VA'),
('Suffolk', 'suffolk', 'VA'),
('Roanoke', 'roanoke', 'VA'),
('Lynchburg', 'lynchburg', 'VA'),
('Harrisonburg', 'harrisonburg', 'VA'),
('Leesburg', 'leesburg', 'VA'),
('Manassas', 'manassas', 'VA'),
('Petersburg', 'petersburg', 'VA'),
('Fredericksburg', 'fredericksburg', 'VA'),
('Winchester', 'winchester', 'VA'),
('Salem', 'salem', 'VA'),
('Staunton', 'staunton', 'VA'),
('Waynesboro', 'waynesboro', 'VA'),
('Charlottesville', 'charlottesville', 'VA'),
('Danville', 'danville', 'VA'),
('Martinsville', 'martinsville', 'VA'),
('Galax', 'galax', 'VA'),
('Fairfax', 'fairfax', 'VA'),
('Falls Church', 'falls church', 'VA'),
('Arlington', 'arlington', 'VA');
